name,target
img001-001.png,img001
img001-002.png,img001
img001-003.png,img001
img001-004.png,img001
img001-005.png,img001
img001-006.png,img001
img001-007.png,img001
img001-008.png,img001
img001-009.png,img001
img001-010.png,img001
img001-011.png,img001
img001-012.png,img001
img001-013.png,img001
img001-014.png,img001
img001-015.png,img001
img001-016.png,img001
img001-017.png,img001
img001-018.png,img001
img001-019.png,img001
img001-020.png,img001
img001-021.png,img001
img001-022.png,img001
img001-023.png,img001
img001-024.png,img001
img001-025.png,img001
img001-026.png,img001
img001-027.png,img001
img001-028.png,img001
img001-029.png,img001
img001-030.png,img001
img001-031.png,img001
img001-032.png,img001
img001-033.png,img001
img001-034.png,img001
img001-035.png,img001
img001-036.png,img001
img001-037.png,img001
img001-038.png,img001
img001-039.png,img001
img001-040.png,img001
img001-041.png,img001
img001-042.png,img001
img001-043.png,img001
img001-044.png,img001
img001-045.png,img001
img001-046.png,img001
img002-001.png,img002
img002-002.png,img002
img002-003.png,img002
img002-004.png,img002
img002-005.png,img002
img002-006.png,img002
img002-007.png,img002
img002-008.png,img002
img002-009.png,img002
img002-010.png,img002
img002-011.png,img002
img002-012.png,img002
img002-013.png,img002
img002-014.png,img002
img002-015.png,img002
img002-016.png,img002
img002-017.png,img002
img002-018.png,img002
img002-019.png,img002
img002-020.png,img002
img002-021.png,img002
img002-022.png,img002
img002-023.png,img002
img002-024.png,img002
img002-025.png,img002
img002-026.png,img002
img002-027.png,img002
img002-028.png,img002
img002-029.png,img002
img002-030.png,img002
img002-031.png,img002
img002-032.png,img002
img002-033.png,img002
img002-034.png,img002
img002-035.png,img002
img002-036.png,img002
img002-037.png,img002
img002-038.png,img002
img002-039.png,img002
img002-040.png,img002
img002-041.png,img002
img002-042.png,img002
img002-043.png,img002
img002-044.png,img002
img002-045.png,img002
img002-046.png,img002
img003-001.png,img003
img003-002.png,img003
img003-003.png,img003
img003-004.png,img003
img003-005.png,img003
img003-006.png,img003
img003-007.png,img003
img003-008.png,img003
img003-009.png,img003
img003-010.png,img003
img003-011.png,img003
img003-012.png,img003
img003-013.png,img003
img003-014.png,img003
img003-015.png,img003
img003-016.png,img003
img003-017.png,img003
img003-018.png,img003
img003-019.png,img003
img003-020.png,img003
img003-021.png,img003
img003-022.png,img003
img003-023.png,img003
img003-024.png,img003
img003-025.png,img003
img003-026.png,img003
img003-027.png,img003
img003-028.png,img003
img003-029.png,img003
img003-030.png,img003
img003-031.png,img003
img003-032.png,img003
img003-033.png,img003
img003-034.png,img003
img003-035.png,img003
img003-036.png,img003
img003-037.png,img003
img003-038.png,img003
img003-039.png,img003
img003-040.png,img003
img003-041.png,img003
img003-042.png,img003
img003-043.png,img003
img003-044.png,img003
img003-045.png,img003
img003-046.png,img003
img004-001.png,img004
img004-002.png,img004
img004-003.png,img004
img004-004.png,img004
img004-005.png,img004
img004-006.png,img004
img004-007.png,img004
img004-008.png,img004
img004-009.png,img004
img004-010.png,img004
img004-011.png,img004
img004-012.png,img004
img004-013.png,img004
img004-014.png,img004
img004-015.png,img004
img004-016.png,img004
img004-017.png,img004
img004-018.png,img004
img004-019.png,img004
img004-020.png,img004
img004-021.png,img004
img004-022.png,img004
img004-023.png,img004
img004-024.png,img004
img004-025.png,img004
img004-026.png,img004
img004-027.png,img004
img004-028.png,img004
img004-029.png,img004
img004-030.png,img004
img004-031.png,img004
img004-032.png,img004
img004-033.png,img004
img004-034.png,img004
img004-035.png,img004
img004-036.png,img004
img004-037.png,img004
img004-038.png,img004
img004-039.png,img004
img004-040.png,img004
img004-041.png,img004
img004-042.png,img004
img004-043.png,img004
img004-044.png,img004
img004-045.png,img004
img004-046.png,img004
img005-001.png,img005
img005-002.png,img005
img005-003.png,img005
img005-004.png,img005
img005-005.png,img005
img005-006.png,img005
img005-007.png,img005
img005-008.png,img005
img005-009.png,img005
img005-010.png,img005
img005-011.png,img005
img005-012.png,img005
img005-013.png,img005
img005-014.png,img005
img005-015.png,img005
img005-016.png,img005
img005-017.png,img005
img005-018.png,img005
img005-019.png,img005
img005-020.png,img005
img005-021.png,img005
img005-022.png,img005
img005-023.png,img005
img005-024.png,img005
img005-025.png,img005
img005-026.png,img005
img005-027.png,img005
img005-028.png,img005
img005-029.png,img005
img005-030.png,img005
img005-031.png,img005
img005-032.png,img005
img005-033.png,img005
img005-034.png,img005
img005-035.png,img005
img005-036.png,img005
img005-037.png,img005
img005-038.png,img005
img005-039.png,img005
img005-040.png,img005
img005-041.png,img005
img005-042.png,img005
img005-043.png,img005
img005-044.png,img005
img005-045.png,img005
img005-046.png,img005
img006-001.png,img006
img006-002.png,img006
img006-003.png,img006
img006-004.png,img006
img006-005.png,img006
img006-006.png,img006
img006-007.png,img006
img006-008.png,img006
img006-009.png,img006
img006-010.png,img006
img006-011.png,img006
img006-012.png,img006
img006-013.png,img006
img006-014.png,img006
img006-015.png,img006
img006-016.png,img006
img006-017.png,img006
img006-018.png,img006
img006-019.png,img006
img006-020.png,img006
img006-021.png,img006
img006-022.png,img006
img006-023.png,img006
img006-024.png,img006
img006-025.png,img006
img006-026.png,img006
img006-027.png,img006
img006-028.png,img006
img006-029.png,img006
img006-030.png,img006
img006-031.png,img006
img006-032.png,img006
img006-033.png,img006
img006-034.png,img006
img006-035.png,img006
img006-036.png,img006
img006-037.png,img006
img006-038.png,img006
img006-039.png,img006
img006-040.png,img006
img006-041.png,img006
img006-042.png,img006
img006-043.png,img006
img006-044.png,img006
img006-045.png,img006
img006-046.png,img006
img007-001.png,img007
img007-002.png,img007
img007-003.png,img007
img007-004.png,img007
img007-005.png,img007
img007-006.png,img007
img007-007.png,img007
img007-008.png,img007
img007-009.png,img007
img007-010.png,img007
img007-011.png,img007
img007-012.png,img007
img007-013.png,img007
img007-014.png,img007
img007-015.png,img007
img007-016.png,img007
img007-017.png,img007
img007-018.png,img007
img007-019.png,img007
img007-020.png,img007
img007-021.png,img007
img007-022.png,img007
img007-023.png,img007
img007-024.png,img007
img007-025.png,img007
img007-026.png,img007
img007-027.png,img007
img007-028.png,img007
img007-029.png,img007
img007-030.png,img007
img007-031.png,img007
img007-032.png,img007
img007-033.png,img007
img007-034.png,img007
img007-035.png,img007
img007-036.png,img007
img007-037.png,img007
img007-038.png,img007
img007-039.png,img007
img007-040.png,img007
img007-041.png,img007
img007-042.png,img007
img007-043.png,img007
img007-044.png,img007
img007-045.png,img007
img007-046.png,img007
img008-001.png,img008
img008-002.png,img008
img008-003.png,img008
img008-004.png,img008
img008-005.png,img008
img008-006.png,img008
img008-007.png,img008
img008-008.png,img008
img008-009.png,img008
img008-010.png,img008
img008-011.png,img008
img008-012.png,img008
img008-013.png,img008
img008-014.png,img008
img008-015.png,img008
img008-016.png,img008
img008-017.png,img008
img008-018.png,img008
img008-019.png,img008
img008-020.png,img008
img008-021.png,img008
img008-022.png,img008
img008-023.png,img008
img008-024.png,img008
img008-025.png,img008
img008-026.png,img008
img008-027.png,img008
img008-028.png,img008
img008-029.png,img008
img008-030.png,img008
img008-031.png,img008
img008-032.png,img008
img008-033.png,img008
img008-034.png,img008
img008-035.png,img008
img008-036.png,img008
img008-037.png,img008
img008-038.png,img008
img008-039.png,img008
img008-040.png,img008
img008-041.png,img008
img008-042.png,img008
img008-043.png,img008
img008-044.png,img008
img008-045.png,img008
img008-046.png,img008
img009-001.png,img009
img009-002.png,img009
img009-003.png,img009
img009-004.png,img009
img009-005.png,img009
img009-006.png,img009
img009-007.png,img009
img009-008.png,img009
img009-009.png,img009
img009-010.png,img009
img009-011.png,img009
img009-012.png,img009
img009-013.png,img009
img009-014.png,img009
img009-015.png,img009
img009-016.png,img009
img009-017.png,img009
img009-018.png,img009
img009-019.png,img009
img009-020.png,img009
img009-021.png,img009
img009-022.png,img009
img009-023.png,img009
img009-024.png,img009
img009-025.png,img009
img009-026.png,img009
img009-027.png,img009
img009-028.png,img009
img009-029.png,img009
img009-030.png,img009
img009-031.png,img009
img009-032.png,img009
img009-033.png,img009
img009-034.png,img009
img009-035.png,img009
img009-036.png,img009
img009-037.png,img009
img009-038.png,img009
img009-039.png,img009
img009-040.png,img009
img009-041.png,img009
img009-042.png,img009
img009-043.png,img009
img009-044.png,img009
img009-045.png,img009
img009-046.png,img009
img010-001.png,img010
img010-002.png,img010
img010-003.png,img010
img010-004.png,img010
img010-005.png,img010
img010-006.png,img010
img010-007.png,img010
img010-008.png,img010
img010-009.png,img010
img010-010.png,img010
img010-011.png,img010
img010-012.png,img010
img010-013.png,img010
img010-014.png,img010
img010-015.png,img010
img010-016.png,img010
img010-017.png,img010
img010-018.png,img010
img010-019.png,img010
img010-020.png,img010
img010-021.png,img010
img010-022.png,img010
img010-023.png,img010
img010-024.png,img010
img010-025.png,img010
img010-026.png,img010
img010-027.png,img010
img010-028.png,img010
img010-029.png,img010
img010-030.png,img010
img010-031.png,img010
img010-032.png,img010
img010-033.png,img010
img010-034.png,img010
img010-035.png,img010
img010-036.png,img010
img010-037.png,img010
img010-038.png,img010
img010-039.png,img010
img010-040.png,img010
img010-041.png,img010
img010-042.png,img010
img010-043.png,img010
img010-044.png,img010
img010-045.png,img010
img010-046.png,img010
img011-001.png,img011
img011-002.png,img011
img011-003.png,img011
img011-004.png,img011
img011-005.png,img011
img011-006.png,img011
img011-007.png,img011
img011-008.png,img011
img011-009.png,img011
img011-010.png,img011
img011-011.png,img011
img011-012.png,img011
img011-013.png,img011
img011-014.png,img011
img011-015.png,img011
img011-016.png,img011
img011-017.png,img011
img011-018.png,img011
img011-019.png,img011
img011-020.png,img011
img011-021.png,img011
img011-022.png,img011
img011-023.png,img011
img011-024.png,img011
img011-025.png,img011
img011-026.png,img011
img011-027.png,img011
img011-028.png,img011
img011-029.png,img011
img011-030.png,img011
img011-031.png,img011
img011-032.png,img011
img011-033.png,img011
img011-034.png,img011
img011-035.png,img011
img011-036.png,img011
img011-037.png,img011
img011-038.png,img011
img011-039.png,img011
img011-040.png,img011
img011-041.png,img011
img011-042.png,img011
img011-043.png,img011
img011-044.png,img011
img011-045.png,img011
img011-046.png,img011
img012-001.png,img012
img012-002.png,img012
img012-003.png,img012
img012-004.png,img012
img012-005.png,img012
img012-006.png,img012
img012-007.png,img012
img012-008.png,img012
img012-009.png,img012
img012-010.png,img012
img012-011.png,img012
img012-012.png,img012
img012-013.png,img012
img012-014.png,img012
img012-015.png,img012
img012-016.png,img012
img012-017.png,img012
img012-018.png,img012
img012-019.png,img012
img012-020.png,img012
img012-021.png,img012
img012-022.png,img012
img012-023.png,img012
img012-024.png,img012
img012-025.png,img012
img012-026.png,img012
img012-027.png,img012
img012-028.png,img012
img012-029.png,img012
img012-030.png,img012
img012-031.png,img012
img012-032.png,img012
img012-033.png,img012
img012-034.png,img012
img012-035.png,img012
img012-036.png,img012
img012-037.png,img012
img012-038.png,img012
img012-039.png,img012
img012-040.png,img012
img012-041.png,img012
img012-042.png,img012
img012-043.png,img012
img012-044.png,img012
img012-045.png,img012
img012-046.png,img012
img013-001.png,img013
img013-002.png,img013
img013-003.png,img013
img013-004.png,img013
img013-005.png,img013
img013-006.png,img013
img013-007.png,img013
img013-008.png,img013
img013-009.png,img013
img013-010.png,img013
img013-011.png,img013
img013-012.png,img013
img013-013.png,img013
img013-014.png,img013
img013-015.png,img013
img013-016.png,img013
img013-017.png,img013
img013-018.png,img013
img013-019.png,img013
img013-020.png,img013
img013-021.png,img013
img013-022.png,img013
img013-023.png,img013
img013-024.png,img013
img013-025.png,img013
img013-026.png,img013
img013-027.png,img013
img013-028.png,img013
img013-029.png,img013
img013-030.png,img013
img013-031.png,img013
img013-032.png,img013
img013-033.png,img013
img013-034.png,img013
img013-035.png,img013
img013-036.png,img013
img013-037.png,img013
img013-038.png,img013
img013-039.png,img013
img013-040.png,img013
img013-041.png,img013
img013-042.png,img013
img013-043.png,img013
img013-044.png,img013
img013-045.png,img013
img013-046.png,img013
img014-001.png,img014
img014-002.png,img014
img014-003.png,img014
img014-004.png,img014
img014-005.png,img014
img014-006.png,img014
img014-007.png,img014
img014-008.png,img014
img014-009.png,img014
img014-010.png,img014
img014-011.png,img014
img014-012.png,img014
img014-013.png,img014
img014-014.png,img014
img014-015.png,img014
img014-016.png,img014
img014-017.png,img014
img014-018.png,img014
img014-019.png,img014
img014-020.png,img014
img014-021.png,img014
img014-022.png,img014
img014-023.png,img014
img014-024.png,img014
img014-025.png,img014
img014-026.png,img014
img014-027.png,img014
img014-028.png,img014
img014-029.png,img014
img014-030.png,img014
img014-031.png,img014
img014-032.png,img014
img014-033.png,img014
img014-034.png,img014
img014-035.png,img014
img014-036.png,img014
img014-037.png,img014
img014-038.png,img014
img014-039.png,img014
img014-040.png,img014
img014-041.png,img014
img014-042.png,img014
img014-043.png,img014
img014-044.png,img014
img014-045.png,img014
img014-046.png,img014
img015-001.png,img015
img015-002.png,img015
img015-003.png,img015
img015-004.png,img015
img015-005.png,img015
img015-006.png,img015
img015-007.png,img015
img015-008.png,img015
img015-009.png,img015
img015-010.png,img015
img015-011.png,img015
img015-012.png,img015
img015-013.png,img015
img015-014.png,img015
img015-015.png,img015
img015-016.png,img015
img015-017.png,img015
img015-018.png,img015
img015-019.png,img015
img015-020.png,img015
img015-021.png,img015
img015-022.png,img015
img015-023.png,img015
img015-024.png,img015
img015-025.png,img015
img015-026.png,img015
img015-027.png,img015
img015-028.png,img015
img015-029.png,img015
img015-030.png,img015
img015-031.png,img015
img015-032.png,img015
img015-033.png,img015
img015-034.png,img015
img015-035.png,img015
img015-036.png,img015
img015-037.png,img015
img015-038.png,img015
img015-039.png,img015
img015-040.png,img015
img015-041.png,img015
img015-042.png,img015
img015-043.png,img015
img015-044.png,img015
img015-045.png,img015
img015-046.png,img015
img016-001.png,img016
img016-002.png,img016
img016-003.png,img016
img016-004.png,img016
img016-005.png,img016
img016-006.png,img016
img016-007.png,img016
img016-008.png,img016
img016-009.png,img016
img016-010.png,img016
img016-011.png,img016
img016-012.png,img016
img016-013.png,img016
img016-014.png,img016
img016-015.png,img016
img016-016.png,img016
img016-017.png,img016
img016-018.png,img016
img016-019.png,img016
img016-020.png,img016
img016-021.png,img016
img016-022.png,img016
img016-023.png,img016
img016-024.png,img016
img016-025.png,img016
img016-026.png,img016
img016-027.png,img016
img016-028.png,img016
img016-029.png,img016
img016-030.png,img016
img016-031.png,img016
img016-032.png,img016
img016-033.png,img016
img016-034.png,img016
img016-035.png,img016
img016-036.png,img016
img016-037.png,img016
img016-038.png,img016
img016-039.png,img016
img016-040.png,img016
img016-041.png,img016
img016-042.png,img016
img016-043.png,img016
img016-044.png,img016
img016-045.png,img016
img016-046.png,img016
img017-001.png,img017
img017-002.png,img017
img017-003.png,img017
img017-004.png,img017
img017-005.png,img017
img017-006.png,img017
img017-007.png,img017
img017-008.png,img017
img017-009.png,img017
img017-010.png,img017
img017-011.png,img017
img017-012.png,img017
img017-013.png,img017
img017-014.png,img017
img017-015.png,img017
img017-016.png,img017
img017-017.png,img017
img017-018.png,img017
img017-019.png,img017
img017-020.png,img017
img017-021.png,img017
img017-022.png,img017
img017-023.png,img017
img017-024.png,img017
img017-025.png,img017
img017-026.png,img017
img017-027.png,img017
img017-028.png,img017
img017-029.png,img017
img017-030.png,img017
img017-031.png,img017
img017-032.png,img017
img017-033.png,img017
img017-034.png,img017
img017-035.png,img017
img017-036.png,img017
img017-037.png,img017
img017-038.png,img017
img017-039.png,img017
img017-040.png,img017
img017-041.png,img017
img017-042.png,img017
img017-043.png,img017
img017-044.png,img017
img017-045.png,img017
img017-046.png,img017
img018-001.png,img018
img018-002.png,img018
img018-003.png,img018
img018-004.png,img018
img018-005.png,img018
img018-006.png,img018
img018-007.png,img018
img018-008.png,img018
img018-009.png,img018
img018-010.png,img018
img018-011.png,img018
img018-012.png,img018
img018-013.png,img018
img018-014.png,img018
img018-015.png,img018
img018-016.png,img018
img018-017.png,img018
img018-018.png,img018
img018-019.png,img018
img018-020.png,img018
img018-021.png,img018
img018-022.png,img018
img018-023.png,img018
img018-024.png,img018
img018-025.png,img018
img018-026.png,img018
img018-027.png,img018
img018-028.png,img018
img018-029.png,img018
img018-030.png,img018
img018-031.png,img018
img018-032.png,img018
img018-033.png,img018
img018-034.png,img018
img018-035.png,img018
img018-036.png,img018
img018-037.png,img018
img018-038.png,img018
img018-039.png,img018
img018-040.png,img018
img018-041.png,img018
img018-042.png,img018
img018-043.png,img018
img018-044.png,img018
img018-045.png,img018
img018-046.png,img018
img019-001.png,img019
img019-002.png,img019
img019-003.png,img019
img019-004.png,img019
img019-005.png,img019
img019-006.png,img019
img019-007.png,img019
img019-008.png,img019
img019-009.png,img019
img019-010.png,img019
img019-011.png,img019
img019-012.png,img019
img019-013.png,img019
img019-014.png,img019
img019-015.png,img019
img019-016.png,img019
img019-017.png,img019
img019-018.png,img019
img019-019.png,img019
img019-020.png,img019
img019-021.png,img019
img019-022.png,img019
img019-023.png,img019
img019-024.png,img019
img019-025.png,img019
img019-026.png,img019
img019-027.png,img019
img019-028.png,img019
img019-029.png,img019
img019-030.png,img019
img019-031.png,img019
img019-032.png,img019
img019-033.png,img019
img019-034.png,img019
img019-035.png,img019
img019-036.png,img019
img019-037.png,img019
img019-038.png,img019
img019-039.png,img019
img019-040.png,img019
img019-041.png,img019
img019-042.png,img019
img019-043.png,img019
img019-044.png,img019
img019-045.png,img019
img019-046.png,img019
img020-001.png,img020
img020-002.png,img020
img020-003.png,img020
img020-004.png,img020
img020-005.png,img020
img020-006.png,img020
img020-007.png,img020
img020-008.png,img020
img020-009.png,img020
img020-010.png,img020
img020-011.png,img020
img020-012.png,img020
img020-013.png,img020
img020-014.png,img020
img020-015.png,img020
img020-016.png,img020
img020-017.png,img020
img020-018.png,img020
img020-019.png,img020
img020-020.png,img020
img020-021.png,img020
img020-022.png,img020
img020-023.png,img020
img020-024.png,img020
img020-025.png,img020
img020-026.png,img020
img020-027.png,img020
img020-028.png,img020
img020-029.png,img020
img020-030.png,img020
img020-031.png,img020
img020-032.png,img020
img020-033.png,img020
img020-034.png,img020
img020-035.png,img020
img020-036.png,img020
img020-037.png,img020
img020-038.png,img020
img020-039.png,img020
img020-040.png,img020
img020-041.png,img020
img020-042.png,img020
img020-043.png,img020
img020-044.png,img020
img020-045.png,img020
img020-046.png,img020
img021-001.png,img021
img021-002.png,img021
img021-003.png,img021
img021-004.png,img021
img021-005.png,img021
img021-006.png,img021
img021-007.png,img021
img021-008.png,img021
img021-009.png,img021
img021-010.png,img021
img021-011.png,img021
img021-012.png,img021
img021-013.png,img021
img021-014.png,img021
img021-015.png,img021
img021-016.png,img021
img021-017.png,img021
img021-018.png,img021
img021-019.png,img021
img021-020.png,img021
img021-021.png,img021
img021-022.png,img021
img021-023.png,img021
img021-024.png,img021
img021-025.png,img021
img021-026.png,img021
img021-027.png,img021
img021-028.png,img021
img021-029.png,img021
img021-030.png,img021
img021-031.png,img021
img021-032.png,img021
img021-033.png,img021
img021-034.png,img021
img021-035.png,img021
img021-036.png,img021
img021-037.png,img021
img021-038.png,img021
img021-039.png,img021
img021-040.png,img021
img021-041.png,img021
img021-042.png,img021
img021-043.png,img021
img021-044.png,img021
img021-045.png,img021
img021-046.png,img021
img022-001.png,img022
img022-002.png,img022
img022-003.png,img022
img022-004.png,img022
img022-005.png,img022
img022-006.png,img022
img022-007.png,img022
img022-008.png,img022
img022-009.png,img022
img022-010.png,img022
img022-011.png,img022
img022-012.png,img022
img022-013.png,img022
img022-014.png,img022
img022-015.png,img022
img022-016.png,img022
img022-017.png,img022
img022-018.png,img022
img022-019.png,img022
img022-020.png,img022
img022-021.png,img022
img022-022.png,img022
img022-023.png,img022
img022-024.png,img022
img022-025.png,img022
img022-026.png,img022
img022-027.png,img022
img022-028.png,img022
img022-029.png,img022
img022-030.png,img022
img022-031.png,img022
img022-032.png,img022
img022-033.png,img022
img022-034.png,img022
img022-035.png,img022
img022-036.png,img022
img022-037.png,img022
img022-038.png,img022
img022-039.png,img022
img022-040.png,img022
img022-041.png,img022
img022-042.png,img022
img022-043.png,img022
img022-044.png,img022
img022-045.png,img022
img022-046.png,img022
img023-001.png,img023
img023-002.png,img023
img023-003.png,img023
img023-004.png,img023
img023-005.png,img023
img023-006.png,img023
img023-007.png,img023
img023-008.png,img023
img023-009.png,img023
img023-010.png,img023
img023-011.png,img023
img023-012.png,img023
img023-013.png,img023
img023-014.png,img023
img023-015.png,img023
img023-016.png,img023
img023-017.png,img023
img023-018.png,img023
img023-019.png,img023
img023-020.png,img023
img023-021.png,img023
img023-022.png,img023
img023-023.png,img023
img023-024.png,img023
img023-025.png,img023
img023-026.png,img023
img023-027.png,img023
img023-028.png,img023
img023-029.png,img023
img023-030.png,img023
img023-031.png,img023
img023-032.png,img023
img023-033.png,img023
img023-034.png,img023
img023-035.png,img023
img023-036.png,img023
img023-037.png,img023
img023-038.png,img023
img023-039.png,img023
img023-040.png,img023
img023-041.png,img023
img023-042.png,img023
img023-043.png,img023
img023-044.png,img023
img023-045.png,img023
img023-046.png,img023
img024-001.png,img024
img024-002.png,img024
img024-003.png,img024
img024-004.png,img024
img024-005.png,img024
img024-006.png,img024
img024-007.png,img024
img024-008.png,img024
img024-009.png,img024
img024-010.png,img024
img024-011.png,img024
img024-012.png,img024
img024-013.png,img024
img024-014.png,img024
img024-015.png,img024
img024-016.png,img024
img024-017.png,img024
img024-018.png,img024
img024-019.png,img024
img024-020.png,img024
img024-021.png,img024
img024-022.png,img024
img024-023.png,img024
img024-024.png,img024
img024-025.png,img024
img024-026.png,img024
img024-027.png,img024
img024-028.png,img024
img024-029.png,img024
img024-030.png,img024
img024-031.png,img024
img024-032.png,img024
img024-033.png,img024
img024-034.png,img024
img024-035.png,img024
img024-036.png,img024
img024-037.png,img024
img024-038.png,img024
img024-039.png,img024
img024-040.png,img024
img024-041.png,img024
img024-042.png,img024
img024-043.png,img024
img024-044.png,img024
img024-045.png,img024
img024-046.png,img024
img025-001.png,img025
img025-002.png,img025
img025-003.png,img025
img025-004.png,img025
img025-005.png,img025
img025-006.png,img025
img025-007.png,img025
img025-008.png,img025
img025-009.png,img025
img025-010.png,img025
img025-011.png,img025
img025-012.png,img025
img025-013.png,img025
img025-014.png,img025
img025-015.png,img025
img025-016.png,img025
img025-017.png,img025
img025-018.png,img025
img025-019.png,img025
img025-020.png,img025
img025-021.png,img025
img025-022.png,img025
img025-023.png,img025
img025-024.png,img025
img025-025.png,img025
img025-026.png,img025
img025-027.png,img025
img025-028.png,img025
img025-029.png,img025
img025-030.png,img025
img025-031.png,img025
img025-032.png,img025
img025-033.png,img025
img025-034.png,img025
img025-035.png,img025
img025-036.png,img025
img025-037.png,img025
img025-038.png,img025
img025-039.png,img025
img025-040.png,img025
img025-041.png,img025
img025-042.png,img025
img025-043.png,img025
img025-044.png,img025
img025-045.png,img025
img025-046.png,img025
img026-001.png,img026
img026-002.png,img026
img026-003.png,img026
img026-004.png,img026
img026-005.png,img026
img026-006.png,img026
img026-007.png,img026
img026-008.png,img026
img026-009.png,img026
img026-010.png,img026
img026-011.png,img026
img026-012.png,img026
img026-013.png,img026
img026-014.png,img026
img026-015.png,img026
img026-016.png,img026
img026-017.png,img026
img026-018.png,img026
img026-019.png,img026
img026-020.png,img026
img026-021.png,img026
img026-022.png,img026
img026-023.png,img026
img026-024.png,img026
img026-025.png,img026
img026-026.png,img026
img026-027.png,img026
img026-028.png,img026
img026-029.png,img026
img026-030.png,img026
img026-031.png,img026
img026-032.png,img026
img026-033.png,img026
img026-034.png,img026
img026-035.png,img026
img026-036.png,img026
img026-037.png,img026
img026-038.png,img026
img026-039.png,img026
img026-040.png,img026
img026-041.png,img026
img026-042.png,img026
img026-043.png,img026
img026-044.png,img026
img026-045.png,img026
img026-046.png,img026
img027-001.png,img027
img027-002.png,img027
img027-003.png,img027
img027-004.png,img027
img027-005.png,img027
img027-006.png,img027
img027-007.png,img027
img027-008.png,img027
img027-009.png,img027
img027-010.png,img027
img027-011.png,img027
img027-012.png,img027
img027-013.png,img027
img027-014.png,img027
img027-015.png,img027
img027-016.png,img027
img027-017.png,img027
img027-018.png,img027
img027-019.png,img027
img027-020.png,img027
img027-021.png,img027
img027-022.png,img027
img027-023.png,img027
img027-024.png,img027
img027-025.png,img027
img027-026.png,img027
img027-027.png,img027
img027-028.png,img027
img027-029.png,img027
img027-030.png,img027
img027-031.png,img027
img027-032.png,img027
img027-033.png,img027
img027-034.png,img027
img027-035.png,img027
img027-036.png,img027
img027-037.png,img027
img027-038.png,img027
img027-039.png,img027
img027-040.png,img027
img027-041.png,img027
img027-042.png,img027
img027-043.png,img027
img027-044.png,img027
img027-045.png,img027
img027-046.png,img027
img028-001.png,img028
img028-002.png,img028
img028-003.png,img028
img028-004.png,img028
img028-005.png,img028
img028-006.png,img028
img028-007.png,img028
img028-008.png,img028
img028-009.png,img028
img028-010.png,img028
img028-011.png,img028
img028-012.png,img028
img028-013.png,img028
img028-014.png,img028
img028-015.png,img028
img028-016.png,img028
img028-017.png,img028
img028-018.png,img028
img028-019.png,img028
img028-020.png,img028
img028-021.png,img028
img028-022.png,img028
img028-023.png,img028
img028-024.png,img028
img028-025.png,img028
img028-026.png,img028
img028-027.png,img028
img028-028.png,img028
img028-029.png,img028
img028-030.png,img028
img028-031.png,img028
img028-032.png,img028
img028-033.png,img028
img028-034.png,img028
img028-035.png,img028
img028-036.png,img028
img028-037.png,img028
img028-038.png,img028
img028-039.png,img028
img028-040.png,img028
img028-041.png,img028
img028-042.png,img028
img028-043.png,img028
img028-044.png,img028
img028-045.png,img028
img028-046.png,img028
img029-001.png,img029
img029-002.png,img029
img029-003.png,img029
img029-004.png,img029
img029-005.png,img029
img029-006.png,img029
img029-007.png,img029
img029-008.png,img029
img029-009.png,img029
img029-010.png,img029
img029-011.png,img029
img029-012.png,img029
img029-013.png,img029
img029-014.png,img029
img029-015.png,img029
img029-016.png,img029
img029-017.png,img029
img029-018.png,img029
img029-019.png,img029
img029-020.png,img029
img029-021.png,img029
img029-022.png,img029
img029-023.png,img029
img029-024.png,img029
img029-025.png,img029
img029-026.png,img029
img029-027.png,img029
img029-028.png,img029
img029-029.png,img029
img029-030.png,img029
img029-031.png,img029
img029-032.png,img029
img029-033.png,img029
img029-034.png,img029
img029-035.png,img029
img029-036.png,img029
img029-037.png,img029
img029-038.png,img029
img029-039.png,img029
img029-040.png,img029
img029-041.png,img029
img029-042.png,img029
img029-043.png,img029
img029-044.png,img029
img029-045.png,img029
img029-046.png,img029
img030-001.png,img030
img030-002.png,img030
img030-003.png,img030
img030-004.png,img030
img030-005.png,img030
img030-006.png,img030
img030-007.png,img030
img030-008.png,img030
img030-009.png,img030
img030-010.png,img030
img030-011.png,img030
img030-012.png,img030
img030-013.png,img030
img030-014.png,img030
img030-015.png,img030
img030-016.png,img030
img030-017.png,img030
img030-018.png,img030
img030-019.png,img030
img030-020.png,img030
img030-021.png,img030
img030-022.png,img030
img030-023.png,img030
img030-024.png,img030
img030-025.png,img030
img030-026.png,img030
img030-027.png,img030
img030-028.png,img030
img030-029.png,img030
img030-030.png,img030
img030-031.png,img030
img030-032.png,img030
img030-033.png,img030
img030-034.png,img030
img030-035.png,img030
img030-036.png,img030
img030-037.png,img030
img030-038.png,img030
img030-039.png,img030
img030-040.png,img030
img030-041.png,img030
img030-042.png,img030
img030-043.png,img030
img030-044.png,img030
img030-045.png,img030
img030-046.png,img030
img031-001.png,img031
img031-002.png,img031
img031-003.png,img031
img031-004.png,img031
img031-005.png,img031
img031-006.png,img031
img031-007.png,img031
img031-008.png,img031
img031-009.png,img031
img031-010.png,img031
img031-011.png,img031
img031-012.png,img031
img031-013.png,img031
img031-014.png,img031
img031-015.png,img031
img031-016.png,img031
img031-017.png,img031
img031-018.png,img031
img031-019.png,img031
img031-020.png,img031
img031-021.png,img031
img031-022.png,img031
img031-023.png,img031
img031-024.png,img031
img031-025.png,img031
img031-026.png,img031
img031-027.png,img031
img031-028.png,img031
img031-029.png,img031
img031-030.png,img031
img031-031.png,img031
img031-032.png,img031
img031-033.png,img031
img031-034.png,img031
img031-035.png,img031
img031-036.png,img031
img031-037.png,img031
img031-038.png,img031
img031-039.png,img031
img031-040.png,img031
img031-041.png,img031
img031-042.png,img031
img031-043.png,img031
img031-044.png,img031
img031-045.png,img031
img031-046.png,img031
img032-001.png,img032
img032-002.png,img032
img032-003.png,img032
img032-004.png,img032
img032-005.png,img032
img032-006.png,img032
img032-007.png,img032
img032-008.png,img032
img032-009.png,img032
img032-010.png,img032
img032-011.png,img032
img032-012.png,img032
img032-013.png,img032
img032-014.png,img032
img032-015.png,img032
img032-016.png,img032
img032-017.png,img032
img032-018.png,img032
img032-019.png,img032
img032-020.png,img032
img032-021.png,img032
img032-022.png,img032
img032-023.png,img032
img032-024.png,img032
img032-025.png,img032
img032-026.png,img032
img032-027.png,img032
img032-028.png,img032
img032-029.png,img032
img032-030.png,img032
img032-031.png,img032
img032-032.png,img032
img032-033.png,img032
img032-034.png,img032
img032-035.png,img032
img032-036.png,img032
img032-037.png,img032
img032-038.png,img032
img032-039.png,img032
img032-040.png,img032
img032-041.png,img032
img032-042.png,img032
img032-043.png,img032
img032-044.png,img032
img032-045.png,img032
img032-046.png,img032
img033-001.png,img033
img033-002.png,img033
img033-003.png,img033
img033-004.png,img033
img033-005.png,img033
img033-006.png,img033
img033-007.png,img033
img033-008.png,img033
img033-009.png,img033
img033-010.png,img033
img033-011.png,img033
img033-012.png,img033
img033-013.png,img033
img033-014.png,img033
img033-015.png,img033
img033-016.png,img033
img033-017.png,img033
img033-018.png,img033
img033-019.png,img033
img033-020.png,img033
img033-021.png,img033
img033-022.png,img033
img033-023.png,img033
img033-024.png,img033
img033-025.png,img033
img033-026.png,img033
img033-027.png,img033
img033-028.png,img033
img033-029.png,img033
img033-030.png,img033
img033-031.png,img033
img033-032.png,img033
img033-033.png,img033
img033-034.png,img033
img033-035.png,img033
img033-036.png,img033
img033-037.png,img033
img033-038.png,img033
img033-039.png,img033
img033-040.png,img033
img033-041.png,img033
img033-042.png,img033
img033-043.png,img033
img033-044.png,img033
img033-045.png,img033
img033-046.png,img033
img034-001.png,img034
img034-002.png,img034
img034-003.png,img034
img034-004.png,img034
img034-005.png,img034
img034-006.png,img034
img034-007.png,img034
img034-008.png,img034
img034-009.png,img034
img034-010.png,img034
img034-011.png,img034
img034-012.png,img034
img034-013.png,img034
img034-014.png,img034
img034-015.png,img034
img034-016.png,img034
img034-017.png,img034
img034-018.png,img034
img034-019.png,img034
img034-020.png,img034
img034-021.png,img034
img034-022.png,img034
img034-023.png,img034
img034-024.png,img034
img034-025.png,img034
img034-026.png,img034
img034-027.png,img034
img034-028.png,img034
img034-029.png,img034
img034-030.png,img034
img034-031.png,img034
img034-032.png,img034
img034-033.png,img034
img034-034.png,img034
img034-035.png,img034
img034-036.png,img034
img034-037.png,img034
img034-038.png,img034
img034-039.png,img034
img034-040.png,img034
img034-041.png,img034
img034-042.png,img034
img034-043.png,img034
img034-044.png,img034
img034-045.png,img034
img034-046.png,img034
img035-001.png,img035
img035-002.png,img035
img035-003.png,img035
img035-004.png,img035
img035-005.png,img035
img035-006.png,img035
img035-007.png,img035
img035-008.png,img035
img035-009.png,img035
img035-010.png,img035
img035-011.png,img035
img035-012.png,img035
img035-013.png,img035
img035-014.png,img035
img035-015.png,img035
img035-016.png,img035
img035-017.png,img035
img035-018.png,img035
img035-019.png,img035
img035-020.png,img035
img035-021.png,img035
img035-022.png,img035
img035-023.png,img035
img035-024.png,img035
img035-025.png,img035
img035-026.png,img035
img035-027.png,img035
img035-028.png,img035
img035-029.png,img035
img035-030.png,img035
img035-031.png,img035
img035-032.png,img035
img035-033.png,img035
img035-034.png,img035
img035-035.png,img035
img035-036.png,img035
img035-037.png,img035
img035-038.png,img035
img035-039.png,img035
img035-040.png,img035
img035-041.png,img035
img035-042.png,img035
img035-043.png,img035
img035-044.png,img035
img035-045.png,img035
img035-046.png,img035
img036-001.png,img036
img036-002.png,img036
img036-003.png,img036
img036-004.png,img036
img036-005.png,img036
img036-006.png,img036
img036-007.png,img036
img036-008.png,img036
img036-009.png,img036
img036-010.png,img036
img036-011.png,img036
img036-012.png,img036
img036-013.png,img036
img036-014.png,img036
img036-015.png,img036
img036-016.png,img036
img036-017.png,img036
img036-018.png,img036
img036-019.png,img036
img036-020.png,img036
img036-021.png,img036
img036-022.png,img036
img036-023.png,img036
img036-024.png,img036
img036-025.png,img036
img036-026.png,img036
img036-027.png,img036
img036-028.png,img036
img036-029.png,img036
img036-030.png,img036
img036-031.png,img036
img036-032.png,img036
img036-033.png,img036
img036-034.png,img036
img036-035.png,img036
img036-036.png,img036
img036-037.png,img036
img036-038.png,img036
img036-039.png,img036
img036-040.png,img036
img036-041.png,img036
img036-042.png,img036
img036-043.png,img036
img036-044.png,img036
img036-045.png,img036
img036-046.png,img036
img037-001.png,img037
img037-002.png,img037
img037-003.png,img037
img037-004.png,img037
img037-005.png,img037
img037-006.png,img037
img037-007.png,img037
img037-008.png,img037
img037-009.png,img037
img037-010.png,img037
img037-011.png,img037
img037-012.png,img037
img037-013.png,img037
img037-014.png,img037
img037-015.png,img037
img037-016.png,img037
img037-017.png,img037
img037-018.png,img037
img037-019.png,img037
img037-020.png,img037
img037-021.png,img037
img037-022.png,img037
img037-023.png,img037
img037-024.png,img037
img037-025.png,img037
img037-026.png,img037
img037-027.png,img037
img037-028.png,img037
img037-029.png,img037
img037-030.png,img037
img037-031.png,img037
img037-032.png,img037
img037-033.png,img037
img037-034.png,img037
img037-035.png,img037
img037-036.png,img037
img037-037.png,img037
img037-038.png,img037
img037-039.png,img037
img037-040.png,img037
img037-041.png,img037
img037-042.png,img037
img037-043.png,img037
img037-044.png,img037
img037-045.png,img037
img037-046.png,img037
img038-001.png,img038
img038-002.png,img038
img038-003.png,img038
img038-004.png,img038
img038-005.png,img038
img038-006.png,img038
img038-007.png,img038
img038-008.png,img038
img038-009.png,img038
img038-010.png,img038
img038-011.png,img038
img038-012.png,img038
img038-013.png,img038
img038-014.png,img038
img038-015.png,img038
img038-016.png,img038
img038-017.png,img038
img038-018.png,img038
img038-019.png,img038
img038-020.png,img038
img038-021.png,img038
img038-022.png,img038
img038-023.png,img038
img038-024.png,img038
img038-025.png,img038
img038-026.png,img038
img038-027.png,img038
img038-028.png,img038
img038-029.png,img038
img038-030.png,img038
img038-031.png,img038
img038-032.png,img038
img038-033.png,img038
img038-034.png,img038
img038-035.png,img038
img038-036.png,img038
img038-037.png,img038
img038-038.png,img038
img038-039.png,img038
img038-040.png,img038
img038-041.png,img038
img038-042.png,img038
img038-043.png,img038
img038-044.png,img038
img038-045.png,img038
img038-046.png,img038
img039-001.png,img039
img039-002.png,img039
img039-003.png,img039
img039-004.png,img039
img039-005.png,img039
img039-006.png,img039
img039-007.png,img039
img039-008.png,img039
img039-009.png,img039
img039-010.png,img039
img039-011.png,img039
img039-012.png,img039
img039-013.png,img039
img039-014.png,img039
img039-015.png,img039
img039-016.png,img039
img039-017.png,img039
img039-018.png,img039
img039-019.png,img039
img039-020.png,img039
img039-021.png,img039
img039-022.png,img039
img039-023.png,img039
img039-024.png,img039
img039-025.png,img039
img039-026.png,img039
img039-027.png,img039
img039-028.png,img039
img039-029.png,img039
img039-030.png,img039
img039-031.png,img039
img039-032.png,img039
img039-033.png,img039
img039-034.png,img039
img039-035.png,img039
img039-036.png,img039
img039-037.png,img039
img039-038.png,img039
img039-039.png,img039
img039-040.png,img039
img039-041.png,img039
img039-042.png,img039
img039-043.png,img039
img039-044.png,img039
img039-045.png,img039
img039-046.png,img039
img040-001.png,img040
img040-002.png,img040
img040-003.png,img040
img040-004.png,img040
img040-005.png,img040
img040-006.png,img040
img040-007.png,img040
img040-008.png,img040
img040-009.png,img040
img040-010.png,img040
img040-011.png,img040
img040-012.png,img040
img040-013.png,img040
img040-014.png,img040
img040-015.png,img040
img040-016.png,img040
img040-017.png,img040
img040-018.png,img040
img040-019.png,img040
img040-020.png,img040
img040-021.png,img040
img040-022.png,img040
img040-023.png,img040
img040-024.png,img040
img040-025.png,img040
img040-026.png,img040
img040-027.png,img040
img040-028.png,img040
img040-029.png,img040
img040-030.png,img040
img040-031.png,img040
img040-032.png,img040
img040-033.png,img040
img040-034.png,img040
img040-035.png,img040
img040-036.png,img040
img040-037.png,img040
img040-038.png,img040
img040-039.png,img040
img040-040.png,img040
img040-041.png,img040
img040-042.png,img040
img040-043.png,img040
img040-044.png,img040
img040-045.png,img040
img040-046.png,img040
img041-001.png,img041
img041-002.png,img041
img041-003.png,img041
img041-004.png,img041
img041-005.png,img041
img041-006.png,img041
img041-007.png,img041
img041-008.png,img041
img041-009.png,img041
img041-010.png,img041
img041-011.png,img041
img041-012.png,img041
img041-013.png,img041
img041-014.png,img041
img041-015.png,img041
img041-016.png,img041
img041-017.png,img041
img041-018.png,img041
img041-019.png,img041
img041-020.png,img041
img041-021.png,img041
img041-022.png,img041
img041-023.png,img041
img041-024.png,img041
img041-025.png,img041
img041-026.png,img041
img041-027.png,img041
img041-028.png,img041
img041-029.png,img041
img041-030.png,img041
img041-031.png,img041
img041-032.png,img041
img041-033.png,img041
img041-034.png,img041
img041-035.png,img041
img041-036.png,img041
img041-037.png,img041
img041-038.png,img041
img041-039.png,img041
img041-040.png,img041
img041-041.png,img041
img041-042.png,img041
img041-043.png,img041
img041-044.png,img041
img041-045.png,img041
img041-046.png,img041
img042-001.png,img042
img042-002.png,img042
img042-003.png,img042
img042-004.png,img042
img042-005.png,img042
img042-006.png,img042
img042-007.png,img042
img042-008.png,img042
img042-009.png,img042
img042-010.png,img042
img042-011.png,img042
img042-012.png,img042
img042-013.png,img042
img042-014.png,img042
img042-015.png,img042
img042-016.png,img042
img042-017.png,img042
img042-018.png,img042
img042-019.png,img042
img042-020.png,img042
img042-021.png,img042
img042-022.png,img042
img042-023.png,img042
img042-024.png,img042
img042-025.png,img042
img042-026.png,img042
img042-027.png,img042
img042-028.png,img042
img042-029.png,img042
img042-030.png,img042
img042-031.png,img042
img042-032.png,img042
img042-033.png,img042
img042-034.png,img042
img042-035.png,img042
img042-036.png,img042
img042-037.png,img042
img042-038.png,img042
img042-039.png,img042
img042-040.png,img042
img042-041.png,img042
img042-042.png,img042
img042-043.png,img042
img042-044.png,img042
img042-045.png,img042
img042-046.png,img042
img043-001.png,img043
img043-002.png,img043
img043-003.png,img043
img043-004.png,img043
img043-005.png,img043
img043-006.png,img043
img043-007.png,img043
img043-008.png,img043
img043-009.png,img043
img043-010.png,img043
img043-011.png,img043
img043-012.png,img043
img043-013.png,img043
img043-014.png,img043
img043-015.png,img043
img043-016.png,img043
img043-017.png,img043
img043-018.png,img043
img043-019.png,img043
img043-020.png,img043
img043-021.png,img043
img043-022.png,img043
img043-023.png,img043
img043-024.png,img043
img043-025.png,img043
img043-026.png,img043
img043-027.png,img043
img043-028.png,img043
img043-029.png,img043
img043-030.png,img043
img043-031.png,img043
img043-032.png,img043
img043-033.png,img043
img043-034.png,img043
img043-035.png,img043
img043-036.png,img043
img043-037.png,img043
img043-038.png,img043
img043-039.png,img043
img043-040.png,img043
img043-041.png,img043
img043-042.png,img043
img043-043.png,img043
img043-044.png,img043
img043-045.png,img043
img043-046.png,img043
img044-001.png,img044
img044-002.png,img044
img044-003.png,img044
img044-004.png,img044
img044-005.png,img044
img044-006.png,img044
img044-007.png,img044
img044-008.png,img044
img044-009.png,img044
img044-010.png,img044
img044-011.png,img044
img044-012.png,img044
img044-013.png,img044
img044-014.png,img044
img044-015.png,img044
img044-016.png,img044
img044-017.png,img044
img044-018.png,img044
img044-019.png,img044
img044-020.png,img044
img044-021.png,img044
img044-022.png,img044
img044-023.png,img044
img044-024.png,img044
img044-025.png,img044
img044-026.png,img044
img044-027.png,img044
img044-028.png,img044
img044-029.png,img044
img044-030.png,img044
img044-031.png,img044
img044-032.png,img044
img044-033.png,img044
img044-034.png,img044
img044-035.png,img044
img044-036.png,img044
img044-037.png,img044
img044-038.png,img044
img044-039.png,img044
img044-040.png,img044
img044-041.png,img044
img044-042.png,img044
img044-043.png,img044
img044-044.png,img044
img044-045.png,img044
img044-046.png,img044
img045-001.png,img045
img045-002.png,img045
img045-003.png,img045
img045-004.png,img045
img045-005.png,img045
img045-006.png,img045
img045-007.png,img045
img045-008.png,img045
img045-009.png,img045
img045-010.png,img045
img045-011.png,img045
img045-012.png,img045
img045-013.png,img045
img045-014.png,img045
img045-015.png,img045
img045-016.png,img045
img045-017.png,img045
img045-018.png,img045
img045-019.png,img045
img045-020.png,img045
img045-021.png,img045
img045-022.png,img045
img045-023.png,img045
img045-024.png,img045
img045-025.png,img045
img045-026.png,img045
img045-027.png,img045
img045-028.png,img045
img045-029.png,img045
img045-030.png,img045
img045-031.png,img045
img045-032.png,img045
img045-033.png,img045
img045-034.png,img045
img045-035.png,img045
img045-036.png,img045
img045-037.png,img045
img045-038.png,img045
img045-039.png,img045
img045-040.png,img045
img045-041.png,img045
img045-042.png,img045
img045-043.png,img045
img045-044.png,img045
img045-045.png,img045
img045-046.png,img045
img046-001.png,img046
img046-002.png,img046
img046-003.png,img046
img046-004.png,img046
img046-005.png,img046
img046-006.png,img046
img046-007.png,img046
img046-008.png,img046
img046-009.png,img046
img046-010.png,img046
img046-011.png,img046
img046-012.png,img046
img046-013.png,img046
img046-014.png,img046
img046-015.png,img046
img046-016.png,img046
img046-017.png,img046
img046-018.png,img046
img046-019.png,img046
img046-020.png,img046
img046-021.png,img046
img046-022.png,img046
img046-023.png,img046
img046-024.png,img046
img046-025.png,img046
img046-026.png,img046
img046-027.png,img046
img046-028.png,img046
img046-029.png,img046
img046-030.png,img046
img046-031.png,img046
img046-032.png,img046
img046-033.png,img046
img046-034.png,img046
img046-035.png,img046
img046-036.png,img046
img046-037.png,img046
img046-038.png,img046
img046-039.png,img046
img046-040.png,img046
img046-041.png,img046
img046-042.png,img046
img046-043.png,img046
img046-044.png,img046
img046-045.png,img046
img046-046.png,img046
img047-001.png,img047
img047-002.png,img047
img047-003.png,img047
img047-004.png,img047
img047-005.png,img047
img047-006.png,img047
img047-007.png,img047
img047-008.png,img047
img047-009.png,img047
img047-010.png,img047
img047-011.png,img047
img047-012.png,img047
img047-013.png,img047
img047-014.png,img047
img047-015.png,img047
img047-016.png,img047
img047-017.png,img047
img047-018.png,img047
img047-019.png,img047
img047-020.png,img047
img047-021.png,img047
img047-022.png,img047
img047-023.png,img047
img047-024.png,img047
img047-025.png,img047
img047-026.png,img047
img047-027.png,img047
img047-028.png,img047
img047-029.png,img047
img047-030.png,img047
img047-031.png,img047
img047-032.png,img047
img047-033.png,img047
img047-034.png,img047
img047-035.png,img047
img047-036.png,img047
img047-037.png,img047
img047-038.png,img047
img047-039.png,img047
img047-040.png,img047
img047-041.png,img047
img047-042.png,img047
img047-043.png,img047
img047-044.png,img047
img047-045.png,img047
img047-046.png,img047
img048-001.png,img048
img048-002.png,img048
img048-003.png,img048
img048-004.png,img048
img048-005.png,img048
img048-006.png,img048
img048-007.png,img048
img048-008.png,img048
img048-009.png,img048
img048-010.png,img048
img048-011.png,img048
img048-012.png,img048
img048-013.png,img048
img048-014.png,img048
img048-015.png,img048
img048-016.png,img048
img048-017.png,img048
img048-018.png,img048
img048-019.png,img048
img048-020.png,img048
img048-021.png,img048
img048-022.png,img048
img048-023.png,img048
img048-024.png,img048
img048-025.png,img048
img048-026.png,img048
img048-027.png,img048
img048-028.png,img048
img048-029.png,img048
img048-030.png,img048
img048-031.png,img048
img048-032.png,img048
img048-033.png,img048
img048-034.png,img048
img048-035.png,img048
img048-036.png,img048
img048-037.png,img048
img048-038.png,img048
img048-039.png,img048
img048-040.png,img048
img048-041.png,img048
img048-042.png,img048
img048-043.png,img048
img048-044.png,img048
img048-045.png,img048
img048-046.png,img048
img049-001.png,img049
img049-002.png,img049
img049-003.png,img049
img049-004.png,img049
img049-005.png,img049
img049-006.png,img049
img049-007.png,img049
img049-008.png,img049
img049-009.png,img049
img049-010.png,img049
img049-011.png,img049
img049-012.png,img049
img049-013.png,img049
img049-014.png,img049
img049-015.png,img049
img049-016.png,img049
img049-017.png,img049
img049-018.png,img049
img049-019.png,img049
img049-020.png,img049
img049-021.png,img049
img049-022.png,img049
img049-023.png,img049
img049-024.png,img049
img049-025.png,img049
img049-026.png,img049
img049-027.png,img049
img049-028.png,img049
img049-029.png,img049
img049-030.png,img049
img049-031.png,img049
img049-032.png,img049
img049-033.png,img049
img049-034.png,img049
img049-035.png,img049
img049-036.png,img049
img049-037.png,img049
img049-038.png,img049
img049-039.png,img049
img049-040.png,img049
img049-041.png,img049
img049-042.png,img049
img049-043.png,img049
img049-044.png,img049
img049-045.png,img049
img049-046.png,img049
img050-001.png,img050
img050-002.png,img050
img050-003.png,img050
img050-004.png,img050
img050-005.png,img050
img050-006.png,img050
img050-007.png,img050
img050-008.png,img050
img050-009.png,img050
img050-010.png,img050
img050-011.png,img050
img050-012.png,img050
img050-013.png,img050
img050-014.png,img050
img050-015.png,img050
img050-016.png,img050
img050-017.png,img050
img050-018.png,img050
img050-019.png,img050
img050-020.png,img050
img050-021.png,img050
img050-022.png,img050
img050-023.png,img050
img050-024.png,img050
img050-025.png,img050
img050-026.png,img050
img050-027.png,img050
img050-028.png,img050
img050-029.png,img050
img050-030.png,img050
img050-031.png,img050
img050-032.png,img050
img050-033.png,img050
img050-034.png,img050
img050-035.png,img050
img050-036.png,img050
img050-037.png,img050
img050-038.png,img050
img050-039.png,img050
img050-040.png,img050
img050-041.png,img050
img050-042.png,img050
img050-043.png,img050
img050-044.png,img050
img050-045.png,img050
img050-046.png,img050
img051-001.png,img051
img051-002.png,img051
img051-003.png,img051
img051-004.png,img051
img051-005.png,img051
img051-006.png,img051
img051-007.png,img051
img051-008.png,img051
img051-009.png,img051
img051-010.png,img051
img051-011.png,img051
img051-012.png,img051
img051-013.png,img051
img051-014.png,img051
img051-015.png,img051
img051-016.png,img051
img051-017.png,img051
img051-018.png,img051
img051-019.png,img051
img051-020.png,img051
img051-021.png,img051
img051-022.png,img051
img051-023.png,img051
img051-024.png,img051
img051-025.png,img051
img051-026.png,img051
img051-027.png,img051
img051-028.png,img051
img051-029.png,img051
img051-030.png,img051
img051-031.png,img051
img051-032.png,img051
img051-033.png,img051
img051-034.png,img051
img051-035.png,img051
img051-036.png,img051
img051-037.png,img051
img051-038.png,img051
img051-039.png,img051
img051-040.png,img051
img051-041.png,img051
img051-042.png,img051
img051-043.png,img051
img051-044.png,img051
img051-045.png,img051
img051-046.png,img051
img052-001.png,img052
img052-002.png,img052
img052-003.png,img052
img052-004.png,img052
img052-005.png,img052
img052-006.png,img052
img052-007.png,img052
img052-008.png,img052
img052-009.png,img052
img052-010.png,img052
img052-011.png,img052
img052-012.png,img052
img052-013.png,img052
img052-014.png,img052
img052-015.png,img052
img052-016.png,img052
img052-017.png,img052
img052-018.png,img052
img052-019.png,img052
img052-020.png,img052
img052-021.png,img052
img052-022.png,img052
img052-023.png,img052
img052-024.png,img052
img052-025.png,img052
img052-026.png,img052
img052-027.png,img052
img052-028.png,img052
img052-029.png,img052
img052-030.png,img052
img052-031.png,img052
img052-032.png,img052
img052-033.png,img052
img052-034.png,img052
img052-035.png,img052
img052-036.png,img052
img052-037.png,img052
img052-038.png,img052
img052-039.png,img052
img052-040.png,img052
img052-041.png,img052
img052-042.png,img052
img052-043.png,img052
img052-044.png,img052
img052-045.png,img052
img052-046.png,img052
img053-001.png,img053
img053-002.png,img053
img053-003.png,img053
img053-004.png,img053
img053-005.png,img053
img053-006.png,img053
img053-007.png,img053
img053-008.png,img053
img053-009.png,img053
img053-010.png,img053
img053-011.png,img053
img053-012.png,img053
img053-013.png,img053
img053-014.png,img053
img053-015.png,img053
img053-016.png,img053
img053-017.png,img053
img053-018.png,img053
img053-019.png,img053
img053-020.png,img053
img053-021.png,img053
img053-022.png,img053
img053-023.png,img053
img053-024.png,img053
img053-025.png,img053
img053-026.png,img053
img053-027.png,img053
img053-028.png,img053
img053-029.png,img053
img053-030.png,img053
img053-031.png,img053
img053-032.png,img053
img053-033.png,img053
img053-034.png,img053
img053-035.png,img053
img053-036.png,img053
img053-037.png,img053
img053-038.png,img053
img053-039.png,img053
img053-040.png,img053
img053-041.png,img053
img053-042.png,img053
img053-043.png,img053
img053-044.png,img053
img053-045.png,img053
img053-046.png,img053
img054-001.png,img054
img054-002.png,img054
img054-003.png,img054
img054-004.png,img054
img054-005.png,img054
img054-006.png,img054
img054-007.png,img054
img054-008.png,img054
img054-009.png,img054
img054-010.png,img054
img054-011.png,img054
img054-012.png,img054
img054-013.png,img054
img054-014.png,img054
img054-015.png,img054
img054-016.png,img054
img054-017.png,img054
img054-018.png,img054
img054-019.png,img054
img054-020.png,img054
img054-021.png,img054
img054-022.png,img054
img054-023.png,img054
img054-024.png,img054
img054-025.png,img054
img054-026.png,img054
img054-027.png,img054
img054-028.png,img054
img054-029.png,img054
img054-030.png,img054
img054-031.png,img054
img054-032.png,img054
img054-033.png,img054
img054-034.png,img054
img054-035.png,img054
img054-036.png,img054
img054-037.png,img054
img054-038.png,img054
img054-039.png,img054
img054-040.png,img054
img054-041.png,img054
img054-042.png,img054
img054-043.png,img054
img054-044.png,img054
img054-045.png,img054
img054-046.png,img054
img055-001.png,img055
img055-002.png,img055
img055-003.png,img055
img055-004.png,img055
img055-005.png,img055
img055-006.png,img055
img055-007.png,img055
img055-008.png,img055
img055-009.png,img055
img055-010.png,img055
img055-011.png,img055
img055-012.png,img055
img055-013.png,img055
img055-014.png,img055
img055-015.png,img055
img055-016.png,img055
img055-017.png,img055
img055-018.png,img055
img055-019.png,img055
img055-020.png,img055
img055-021.png,img055
img055-022.png,img055
img055-023.png,img055
img055-024.png,img055
img055-025.png,img055
img055-026.png,img055
img055-027.png,img055
img055-028.png,img055
img055-029.png,img055
img055-030.png,img055
img055-031.png,img055
img055-032.png,img055
img055-033.png,img055
img055-034.png,img055
img055-035.png,img055
img055-036.png,img055
img055-037.png,img055
img055-038.png,img055
img055-039.png,img055
img055-040.png,img055
img055-041.png,img055
img055-042.png,img055
img055-043.png,img055
img055-044.png,img055
img055-045.png,img055
img055-046.png,img055
img056-001.png,img056
img056-002.png,img056
img056-003.png,img056
img056-004.png,img056
img056-005.png,img056
img056-006.png,img056
img056-007.png,img056
img056-008.png,img056
img056-009.png,img056
img056-010.png,img056
img056-011.png,img056
img056-012.png,img056
img056-013.png,img056
img056-014.png,img056
img056-015.png,img056
img056-016.png,img056
img056-017.png,img056
img056-018.png,img056
img056-019.png,img056
img056-020.png,img056
img056-021.png,img056
img056-022.png,img056
img056-023.png,img056
img056-024.png,img056
img056-025.png,img056
img056-026.png,img056
img056-027.png,img056
img056-028.png,img056
img056-029.png,img056
img056-030.png,img056
img056-031.png,img056
img056-032.png,img056
img056-033.png,img056
img056-034.png,img056
img056-035.png,img056
img056-036.png,img056
img056-037.png,img056
img056-038.png,img056
img056-039.png,img056
img056-040.png,img056
img056-041.png,img056
img056-042.png,img056
img056-043.png,img056
img056-044.png,img056
img056-045.png,img056
img056-046.png,img056
img057-001.png,img057
img057-002.png,img057
img057-003.png,img057
img057-004.png,img057
img057-005.png,img057
img057-006.png,img057
img057-007.png,img057
img057-008.png,img057
img057-009.png,img057
img057-010.png,img057
img057-011.png,img057
img057-012.png,img057
img057-013.png,img057
img057-014.png,img057
img057-015.png,img057
img057-016.png,img057
img057-017.png,img057
img057-018.png,img057
img057-019.png,img057
img057-020.png,img057
img057-021.png,img057
img057-022.png,img057
img057-023.png,img057
img057-024.png,img057
img057-025.png,img057
img057-026.png,img057
img057-027.png,img057
img057-028.png,img057
img057-029.png,img057
img057-030.png,img057
img057-031.png,img057
img057-032.png,img057
img057-033.png,img057
img057-034.png,img057
img057-035.png,img057
img057-036.png,img057
img057-037.png,img057
img057-038.png,img057
img057-039.png,img057
img057-040.png,img057
img057-041.png,img057
img057-042.png,img057
img057-043.png,img057
img057-044.png,img057
img057-045.png,img057
img057-046.png,img057
img058-001.png,img058
img058-002.png,img058
img058-003.png,img058
img058-004.png,img058
img058-005.png,img058
img058-006.png,img058
img058-007.png,img058
img058-008.png,img058
img058-009.png,img058
img058-010.png,img058
img058-011.png,img058
img058-012.png,img058
img058-013.png,img058
img058-014.png,img058
img058-015.png,img058
img058-016.png,img058
img058-017.png,img058
img058-018.png,img058
img058-019.png,img058
img058-020.png,img058
img058-021.png,img058
img058-022.png,img058
img058-023.png,img058
img058-024.png,img058
img058-025.png,img058
img058-026.png,img058
img058-027.png,img058
img058-028.png,img058
img058-029.png,img058
img058-030.png,img058
img058-031.png,img058
img058-032.png,img058
img058-033.png,img058
img058-034.png,img058
img058-035.png,img058
img058-036.png,img058
img058-037.png,img058
img058-038.png,img058
img058-039.png,img058
img058-040.png,img058
img058-041.png,img058
img058-042.png,img058
img058-043.png,img058
img058-044.png,img058
img058-045.png,img058
img058-046.png,img058
img059-001.png,img059
img059-002.png,img059
img059-003.png,img059
img059-004.png,img059
img059-005.png,img059
img059-006.png,img059
img059-007.png,img059
img059-008.png,img059
img059-009.png,img059
img059-010.png,img059
img059-011.png,img059
img059-012.png,img059
img059-013.png,img059
img059-014.png,img059
img059-015.png,img059
img059-016.png,img059
img059-017.png,img059
img059-018.png,img059
img059-019.png,img059
img059-020.png,img059
img059-021.png,img059
img059-022.png,img059
img059-023.png,img059
img059-024.png,img059
img059-025.png,img059
img059-026.png,img059
img059-027.png,img059
img059-028.png,img059
img059-029.png,img059
img059-030.png,img059
img059-031.png,img059
img059-032.png,img059
img059-033.png,img059
img059-034.png,img059
img059-035.png,img059
img059-036.png,img059
img059-037.png,img059
img059-038.png,img059
img059-039.png,img059
img059-040.png,img059
img059-041.png,img059
img059-042.png,img059
img059-043.png,img059
img059-044.png,img059
img059-045.png,img059
img059-046.png,img059
img060-001.png,img060
img060-002.png,img060
img060-003.png,img060
img060-004.png,img060
img060-005.png,img060
img060-006.png,img060
img060-007.png,img060
img060-008.png,img060
img060-009.png,img060
img060-010.png,img060
img060-011.png,img060
img060-012.png,img060
img060-013.png,img060
img060-014.png,img060
img060-015.png,img060
img060-016.png,img060
img060-017.png,img060
img060-018.png,img060
img060-019.png,img060
img060-020.png,img060
img060-021.png,img060
img060-022.png,img060
img060-023.png,img060
img060-024.png,img060
img060-025.png,img060
img060-026.png,img060
img060-027.png,img060
img060-028.png,img060
img060-029.png,img060
img060-030.png,img060
img060-031.png,img060
img060-032.png,img060
img060-033.png,img060
img060-034.png,img060
img060-035.png,img060
img060-036.png,img060
img060-037.png,img060
img060-038.png,img060
img060-039.png,img060
img060-040.png,img060
img060-041.png,img060
img060-042.png,img060
img060-043.png,img060
img060-044.png,img060
img060-045.png,img060
img060-046.png,img060
img061-001.png,img061
img061-002.png,img061
img061-003.png,img061
img061-004.png,img061
img061-005.png,img061
img061-006.png,img061
img061-007.png,img061
img061-008.png,img061
img061-009.png,img061
img061-010.png,img061
img061-011.png,img061
img061-012.png,img061
img061-013.png,img061
img061-014.png,img061
img061-015.png,img061
img061-016.png,img061
img061-017.png,img061
img061-018.png,img061
img061-019.png,img061
img061-020.png,img061
img061-021.png,img061
img061-022.png,img061
img061-023.png,img061
img061-024.png,img061
img061-025.png,img061
img061-026.png,img061
img061-027.png,img061
img061-028.png,img061
img061-029.png,img061
img061-030.png,img061
img061-031.png,img061
img061-032.png,img061
img061-033.png,img061
img061-034.png,img061
img061-035.png,img061
img061-036.png,img061
img061-037.png,img061
img061-038.png,img061
img061-039.png,img061
img061-040.png,img061
img061-041.png,img061
img061-042.png,img061
img061-043.png,img061
img061-044.png,img061
img061-045.png,img061
img061-046.png,img061
img062-001.png,img062
img062-002.png,img062
img062-003.png,img062
img062-004.png,img062
img062-005.png,img062
img062-006.png,img062
img062-007.png,img062
img062-008.png,img062
img062-009.png,img062
img062-010.png,img062
img062-011.png,img062
img062-012.png,img062
img062-013.png,img062
img062-014.png,img062
img062-015.png,img062
img062-016.png,img062
img062-017.png,img062
img062-018.png,img062
img062-019.png,img062
img062-020.png,img062
img062-021.png,img062
img062-022.png,img062
img062-023.png,img062
img062-024.png,img062
img062-025.png,img062
img062-026.png,img062
img062-027.png,img062
img062-028.png,img062
img062-029.png,img062
img062-030.png,img062
img062-031.png,img062
img062-032.png,img062
img062-033.png,img062
img062-034.png,img062
img062-035.png,img062
img062-036.png,img062
img062-037.png,img062
img062-038.png,img062
img062-039.png,img062
img062-040.png,img062
img062-041.png,img062
img062-042.png,img062
img062-043.png,img062
img062-044.png,img062
img062-045.png,img062
img062-046.png,img062
